,url,srnummer,erlasstitel,erlasstitel_kurz,section_title,section_href,article_title,article_href,article_text
0,https://www.fedlex.admin.ch/eli/cc/1988/506_506_506/de,922.0,Bundesgesetz über die Jagd und den Schutz wildlebender Säugetiere und Vögel,"(Jagdgesetz, JSG)",1. Abschnitt: Zweck und Geltungsbereich,https://www.fedlex.admin.ch/eli/cc/1988/506_506_506/de#chap_1,Art. 1 Zweck,https://www.fedlex.admin.ch/eli/cc/1988/506_506_506/de#art_1,"Art. 1 Zweck 1
Dieses Gesetz bezweckt:a. die Artenvielfalt und die Lebensräume der einheimischen und ziehenden wildlebenden Säugetiere und Vögel zu erhalten;b. bedrohte Tierarten zu schützen;c. die von wildlebenden Tieren verursachten Schäden an Wald und an landwirtschaftlichen Kulturen auf ein tragbares Mass zu begrenzen;d. eine angemessene Nutzung der Wildbestände durch die Jagd zu gewährleisten.2
Es stellt Grundsätze auf, nach denen die Kantone die Jagd zu regeln haben."
1,https://www.fedlex.admin.ch/eli/cc/1988/506_506_506/de,922.0,Bundesgesetz über die Jagd und den Schutz wildlebender Säugetiere und Vögel,"(Jagdgesetz, JSG)",1. Abschnitt: Zweck und Geltungsbereich,https://www.fedlex.admin.ch/eli/cc/1988/506_506_506/de#chap_1,Art. 2 Geltungsbereich,https://www.fedlex.admin.ch/eli/cc/1988/506_506_506/de#art_2,"Art. 2 Geltungsbereich Dieses Gesetz bezieht sich auf die folgenden in der Schweiz wildlebenden Tiere:a. Vögel;b. Raubtiere;c. Paarhufer;d. Hasenartige;e. Biber, Murmeltier und Eichhörnchen."
2,https://www.fedlex.admin.ch/eli/cc/1988/506_506_506/de,922.0,Bundesgesetz über die Jagd und den Schutz wildlebender Säugetiere und Vögel,"(Jagdgesetz, JSG)",2. Abschnitt: Jagd,https://www.fedlex.admin.ch/eli/cc/1988/506_506_506/de#chap_2,Art. 3 Grundsätze,https://www.fedlex.admin.ch/eli/cc/1988/506_506_506/de#art_3,"Art. 3 Grundsätze 1
Die Kantone regeln und planen die Jagd. Sie berücksichtigen dabei die örtlichen Verhältnisse sowie die Anliegen der Landwirtschaft und des Naturschutzes. Die nachhaltige Bewirtschaftung der Wälder und die natürliche Verjüngung mit standortgemässen Baumarten sollen sichergestellt sein.2
Sie bestimmen die Voraussetzungen für die Jagdberechtigung, legen das Jagdsystem und das Jagdgebiet fest und sorgen für eine wirkungsvolle Aufsicht.3
Sie führen nach den Vorschriften des Bundesrates eine Statistik über den Abschuss und den Bestand der wichtigsten Arten.4
Der Bundesrat bestimmt die für die Jagd verbotenen Hilfsmittel. Er lässt eine eidgenössische Jagdstatistik erstellen."
3,https://www.fedlex.admin.ch/eli/cc/1988/506_506_506/de,922.0,Bundesgesetz über die Jagd und den Schutz wildlebender Säugetiere und Vögel,"(Jagdgesetz, JSG)",2. Abschnitt: Jagd,https://www.fedlex.admin.ch/eli/cc/1988/506_506_506/de#chap_2,Art. 4 Jagdberechtigung,https://www.fedlex.admin.ch/eli/cc/1988/506_506_506/de#art_4,"Art. 4 Jagdberechtigung 1
Wer jagen will, braucht eine kantonale Jagdberechtigung.2
Die Jagdberechtigung wird Bewerbern erteilt, die in einer vom Kanton festgelegten Prüfung nachweisen, dass sie über die erforderlichen Kenntnisse verfügen.3
Die Kantone können Personen, die sich auf die Jagdprüfung vorbereiten, und Jagdgästen eine auf einzelne Tage beschränkte Jagdberechtigung erteilen."
4,https://www.fedlex.admin.ch/eli/cc/1988/506_506_506/de,922.0,Bundesgesetz über die Jagd und den Schutz wildlebender Säugetiere und Vögel,"(Jagdgesetz, JSG)",2. Abschnitt: Jagd,https://www.fedlex.admin.ch/eli/cc/1988/506_506_506/de#chap_2,Art. 5 Jagdbare Arten und Schonzeiten,https://www.fedlex.admin.ch/eli/cc/1988/506_506_506/de#art_5,"Art. 5 Jagdbare Arten und Schonzeiten 1
Die jagdbaren Arten und die Schonzeiten werden wie folgt festgelegt:a. Rothirsch vom 1. Februar bis 31. Julib. Wildschwein vom 1. Februar bis 30. Junic. Damhirsch, Sikahirsch und Mufflon vom 1. Februar bis 31. Julid. Reh vom 1. Februar bis 30. Aprile. Gämse vom 1. Januar bis 31. Julif. Feldhase, Schneehase und Wildkaninchen vom 1. Januar bis 30. Septemberg. Murmeltier vom 16. Oktober bis 31. Augusth. Fuchs vom 1. März bis 15. Junii. Dachs vom 16. Januar bis 15. Junik. Edelmarder und Steinmarder vom 16. Februar bis 31. Augustl. Birkhahn, Schneehuhn und Rebhuhn vom 1. Dezember bis 15. Oktoberm. Ringeltaube, Türkentaube, Kolkrabe und Nebelkrähe vom 16. Februar bis 31. Julin. Fasan vom 1. Februar bis 31. Augusto. Haubentaucher, Blässhuhn, Kormoran und Wildenten vom 1. Februar bis 31. August;p. Waldschnepfe vom 15. Dezember bis 15. September2
Bei den Wildenten sind die folgenden Arten geschützt: Wildgänse, Halbgänsearten (Brandgans und Rostgans), Säger und Schwäne sowie Marmelenten, Scheckenten, Kragenenten, Ruderenten, Spatelenten und Kolbenenten.3
Während des ganzen Jahres können gejagt werden:a. Marderhund, Waschbär und verwilderte Hauskatze;b. Rabenkrähe, Elster, Eichelhäher und verwilderte Haustaube.4
Die Kantone können die Schonzeiten verlängern oder die Liste der jagdbaren Arten einschränken. Sie sind dazu verpflichtet, wenn der Schutz örtlich bedrohter Arten dies erfordert.5
Sie können mit vorheriger Zustimmung des Eidgenössischen Departements für Umwelt, Verkehr, Energie und Kommunikation4 (Departement) die Schonzeiten vorübergehend verkürzen, um zu grosse Bestände zu vermindern oder die Artenvielfalt zu erhalten.6
Der Bundesrat kann nach Anhören der Kantone die Liste der jagdbaren Arten gesamtschweizerisch beschränken, wenn es zur Erhaltung bedrohter Arten notwendig ist, oder unter Angabe der entsprechenden Schonzeiten erweitern, sofern die Bestände geschützter Arten die Jagd wieder zulassen.4 Die Bezeichnung der Verwaltungseinheit wurde in Anwendung von Art. 16 Abs. 3 der Publikationsverordnung vom 17. Nov. 2004 (AS 2004 4937) angepasst."
5,https://www.fedlex.admin.ch/eli/cc/1988/506_506_506/de,922.0,Bundesgesetz über die Jagd und den Schutz wildlebender Säugetiere und Vögel,"(Jagdgesetz, JSG)",2. Abschnitt: Jagd,https://www.fedlex.admin.ch/eli/cc/1988/506_506_506/de#chap_2,Art. 6 Aussetzen von Tieren der jagdbaren Arten,https://www.fedlex.admin.ch/eli/cc/1988/506_506_506/de#art_6,"Art. 6 Aussetzen von Tieren der jagdbaren Arten 1
Die Kantone können jagdbare Tiere aussetzen, sofern geeigneter Lebensraum vorhanden und genügende Schonung gewährleistet ist.2
Tiere, die grossen Schaden anrichten oder die einheimische Artenvielfalt bedrohen, dürfen nicht ausgesetzt werden. Der Bundesrat bezeichnet die entsprechenden Tierarten."
6,https://www.fedlex.admin.ch/eli/cc/1988/506_506_506/de,922.0,Bundesgesetz über die Jagd und den Schutz wildlebender Säugetiere und Vögel,"(Jagdgesetz, JSG)",3. Abschnitt: Schutz,https://www.fedlex.admin.ch/eli/cc/1988/506_506_506/de#chap_3,Art. 7 Artenschutz,https://www.fedlex.admin.ch/eli/cc/1988/506_506_506/de#art_7,"Art. 7 Artenschutz 1
Alle Tiere nach Artikel 2, die nicht zu einer jagdbaren Art gehören, sind geschützt (geschützte Arten).2
Die Kantone können mit vorheriger Zustimmung des Bundesamts für Umwelt5 (Bundesamt) den Abschuss von geschützten Tieren vorsehen, soweit der Schutz der Lebensräume oder die Erhaltung der Artenvielfalt es verlangt. Der Bundesrat bezeichnet die unter diese Bestimmung fallenden Arten.3
Steinböcke können zur Regulierung der Bestände zwischen dem 1. September und dem 30. November gejagt werden. Die Kantone unterbreiten jährlich dem Departement eine Abschussplanung zur Genehmigung. Der Bundesrat erlässt die entsprechenden Vorschriften.4
Die Kantone sorgen für einen ausreichenden Schutz der wildlebenden Säugetiere und Vögel vor Störung.5
Sie regeln insbesondere den Schutz der Muttertiere und der Jungtiere während der Jagd sowie der Altvögel während der Brutzeit.6
Bei der Planung und Ausführung von Bauten und Anlagen, die den Schutz der wildlebenden Säugetiere und Vögel beeinträchtigen können, hört der Bund die Kantone an. Für Vorhaben, die Schutzgebiete von internationaler und nationaler Bedeutung beeinträchtigen, ist die Stellungnahme des Bundesamtes einzuholen.5 Die Bezeichnung der Verwaltungseinheit wurde in Anwendung von Art. 16 Abs. 3 der Publikationsverordnung vom 17. Nov. 2004 (AS 2004 4937) angepasst."
7,https://www.fedlex.admin.ch/eli/cc/1988/506_506_506/de,922.0,Bundesgesetz über die Jagd und den Schutz wildlebender Säugetiere und Vögel,"(Jagdgesetz, JSG)",3. Abschnitt: Schutz,https://www.fedlex.admin.ch/eli/cc/1988/506_506_506/de#chap_3,Art. 8 Abschuss kranker und verletzter Tiere,https://www.fedlex.admin.ch/eli/cc/1988/506_506_506/de#art_8,"Art. 8 Abschuss kranker und verletzter Tiere Wildhüter, Jagdaufseher und Revierpächter sind berechtigt, verletzte und kranke Tiere auch ausserhalb der Jagdzeit zu erlegen. Solche Abschüsse sind der kantonalen Jagdbehörde unverzüglich zu melden."
8,https://www.fedlex.admin.ch/eli/cc/1988/506_506_506/de,922.0,Bundesgesetz über die Jagd und den Schutz wildlebender Säugetiere und Vögel,"(Jagdgesetz, JSG)",3. Abschnitt: Schutz,https://www.fedlex.admin.ch/eli/cc/1988/506_506_506/de#chap_3,Art. 9 Bewilligungen des Bundes,https://www.fedlex.admin.ch/eli/cc/1988/506_506_506/de#art_9,"Art. 9 Bewilligungen des Bundes 1
Eine Bewilligung des Bundes braucht, wer:a. Tiere geschützter Arten sowie Teile davon oder daraus hergestellte Erzeugnisse ein-, durch- oder ausführen will;b. Tiere geschützter Arten aussetzen will;c. jagdbare Tiere einführen will, um sie auszusetzen;d. ausnahmsweise Hilfsmittel, die für die Jagd verboten sind, verwenden will.2
Der Bundesrat ordnet die Zuständigkeit und das Verfahren."
9,https://www.fedlex.admin.ch/eli/cc/1988/506_506_506/de,922.0,Bundesgesetz über die Jagd und den Schutz wildlebender Säugetiere und Vögel,"(Jagdgesetz, JSG)",3. Abschnitt: Schutz,https://www.fedlex.admin.ch/eli/cc/1988/506_506_506/de#chap_3,Art. 10 Haltung geschützter Tiere,https://www.fedlex.admin.ch/eli/cc/1988/506_506_506/de#art_10,"Art. 10 Haltung geschützter Tiere 1
Wer geschützte Tiere halten will, braucht eine kantonale Bewilligung.2
Der Bundesrat legt die Bedingungen fest, unter denen geschützte Tiere gehalten werden dürfen."
10,https://www.fedlex.admin.ch/eli/cc/1988/506_506_506/de,922.0,Bundesgesetz über die Jagd und den Schutz wildlebender Säugetiere und Vögel,"(Jagdgesetz, JSG)",3. Abschnitt: Schutz,https://www.fedlex.admin.ch/eli/cc/1988/506_506_506/de#chap_3,Art. 11 Schutzgebiete,https://www.fedlex.admin.ch/eli/cc/1988/506_506_506/de#art_11,"Art. 11 Schutzgebiete 1
Der Bundesrat scheidet nach Anhören der Kantone Wasser- und Zugvogelreservate von internationaler Bedeutung aus.2
Er scheidet im Einvernehmen mit den Kantonen eidgenössische Jagdbanngebiete sowie Wasser- und Zugvogelreservate von nationaler Bedeutung aus.3
Die eidgenössischen Jagdbanngebiete dürfen nur im Einvernehmen mit dem Bundesrat aufgehoben oder durch gleichwertige ersetzt werden.4
Die Kantone können weitere Jagdbanngebiete und Vogelreservate ausscheiden.5
In den Jagdbanngebieten und Vogelreservaten ist die Jagd verboten. Die kantonalen Vollzugsorgane können jedoch den Abschuss von jagdbaren Tieren zulassen, wenn es für den Schutz der Lebensräume, für die Erhaltung der Artenvielfalt, zur Hege oder zur Verhütung von übermässigen Wildschäden notwendig ist.6
Zu den Wasser- und Zugvogelreservaten von internationaler und nationaler Bedeutung und den eidgenössischen Jagdbanngebieten erlässt der Bundesrat die Schutzbestimmungen. Der Bund gewährt den Kantonen auf der Grundlage von Programmvereinbarungen globale Abgeltungen an die Kosten für die Aufsicht dieser Reservate und Gebiete.66 Fassung zweiter Satz gemäss Ziff. II 31 des BG vom 6. Okt. 2006 zur Neugestaltung des Finanzausgleichs und der Aufgabenteilung zwischen Bund und Kantonen (NFA), in Kraft seit 1. Jan. 2008 (AS 2007 5779; BBl 2005 6029)."
11,https://www.fedlex.admin.ch/eli/cc/1988/506_506_506/de,922.0,Bundesgesetz über die Jagd und den Schutz wildlebender Säugetiere und Vögel,"(Jagdgesetz, JSG)",4. Abschnitt: Wildschaden,https://www.fedlex.admin.ch/eli/cc/1988/506_506_506/de#chap_4,Art. 12 Verhütung von Wildschaden,https://www.fedlex.admin.ch/eli/cc/1988/506_506_506/de#art_12,"Art. 12 Verhütung von Wildschaden 1
Die Kantone treffen Massnahmen zur Verhütung von Wildschaden.2
Sie können jederzeit Massnahmen gegen einzelne geschützte oder jagdbare Tiere, die erheblichen Schaden anrichten, anordnen oder erlauben. Mit der Durchführung dieser Massnahmen dürfen sie nur Jagdberechtigte und Aufsichtsorgane beauftragen.72bis
Der Bundesrat kann geschützte Tierarten bezeichnen, bei denen das Bundesamt die Massnahmen nach Absatz 2 anordnet.83
Die Kantone bestimmen, welche Selbsthilfemassnahmen gegen jagdbare Tiere zum Schutze von Haustieren, Liegenschaften und landwirtschaftlichen Kulturen zulässig sind.9 Der Bundesrat bezeichnet die geschützten Tierarten, gegen die solche Selbsthilfemassnahmen ergriffen werden dürfen.4
Weist eine geschützte Tierart einen zu hohen Bestand auf und entsteht dadurch grosser Schaden oder eine erhebliche Gefährdung, so können die Kantone mit vorheriger Zustimmung des Departements Massnahmen zur Verringerung des Bestandes treffen.5
Der Bund fördert und koordiniert die Massnahmen der Kantone zur Verhütung von Wildschaden, der durch Grossraubtiere an Nutztieren verursacht wird.10 Er kann gegen Entschädigung öffentlich-rechtliche Körperschaften oder Private mit dem Vollzug dieser Aufgaben beauftragen.117 Fassung gemäss Anh. Ziff. II 11 des BG vom 22. März 2002 über die Anpassung von  Organisationsbestimmungen des Bundesrechts, in Kraft seit 1. Febr. 2003  (AS 2003 187; BBl 2001 3845).8 Eingefügt durch Anh. Ziff. II 11 des BG vom 22. März 2002 über die Anpassung von  Organisationsbestimmungen des Bundesrechts, in Kraft seit 1. Febr. 2003  (AS 2003 187; BBl 2001 3845).9 Fassung gemäss Anh. Ziff. II 11 des BG vom 22. März 2002 über die Anpassung von  Organisationsbestimmungen des Bundesrechts, in Kraft seit 1. Febr. 2003  (AS 2003 187; BBl 2001 3845).10 Eingefügt durch Anhang Ziff. 9 des BG vom 22. März 2013, in Kraft seit 1. Jan. 2014  (AS 2013 3463 3863; BBl 2012 2075)11 Satz eingefügt durch Anhang Ziff. 2 des BG vom 18. März 2016, in Kraft seit 1. Jan. 2017  (AS 2016 3207; BBl 2014 4909)."
12,https://www.fedlex.admin.ch/eli/cc/1988/506_506_506/de,922.0,Bundesgesetz über die Jagd und den Schutz wildlebender Säugetiere und Vögel,"(Jagdgesetz, JSG)",4. Abschnitt: Wildschaden,https://www.fedlex.admin.ch/eli/cc/1988/506_506_506/de#chap_4,Art. 13 Entschädigung von Wildschaden,https://www.fedlex.admin.ch/eli/cc/1988/506_506_506/de#art_13,"Art. 13 Entschädigung von Wildschaden 1
Der Schaden, den jagdbare Tiere an Wald, landwirtschaftlichen Kulturen und Nutztieren anrichten, wird angemessen entschädigt. Ausgenommen sind Schäden durch Tiere, gegen welche nach Artikel 12 Absatz 3 Selbsthilfemassnahmen ergriffen werden dürfen.2
Die Kantone regeln die Entschädigungspflicht. Entschädigungen sind nur insoweit zu leisten, als es sich nicht um Bagatellschäden handelt und die zumutbaren Massnahmen zur Verhütung von Wildschaden getroffen worden sind. Aufwendungen für Verhütungsmassnahmen können bei der Entschädigung von Wildschaden berücksichtigt werden.3
Der Bund gewährt den Kantonen auf der Grundlage von Programmvereinbarungen globale Abgeltungen an die Kosten für die Entschädigung von Wildschaden, der auf ein Reservat oder Gebiet nach Artikel 11 Absatz 6 zurückzuführen ist.124
Bund und Kantone beteiligen sich an der Vergütung von Schaden, der durch Tiere bestimmter geschützter Arten verursacht wird. Der Bundesrat bestimmt nach Anhören der Kantone diese geschützten Tierarten und die Voraussetzungen der Entschädigungspflicht.12 Fassung gemäss Anhang Ziff. 2 des BG vom 18. März 2016, in Kraft seit 1. Jan. 2017  (AS 2016 3207; BBl 2014 4909)."
13,https://www.fedlex.admin.ch/eli/cc/1988/506_506_506/de,922.0,Bundesgesetz über die Jagd und den Schutz wildlebender Säugetiere und Vögel,"(Jagdgesetz, JSG)","5. Abschnitt: Information, Ausbildung und Forschung",https://www.fedlex.admin.ch/eli/cc/1988/506_506_506/de#chap_5,Art. 14,https://www.fedlex.admin.ch/eli/cc/1988/506_506_506/de#art_14,"Art. 141
Die Kantone sorgen dafür, dass die Bevölkerung über die Lebensweise der wildlebenden Tiere, ihre Bedürfnisse und ihren Schutz ausreichend informiert wird.2
Sie regeln die Aus- und Weiterbildung der Wildschutzorgane und der Jäger. Für die zusätzliche Weiterbildung der Wildschutzorgane der eidgenössischen Schutzgebiete führt der Bund entsprechende Kurse durch.133
Der Bund fördert die Erforschung der wildlebenden Tiere, ihrer Krankheiten und ihres Lebensraumes. Zu diesem Zweck kann das Bundesamt für geschützte Tiere Ausnahmen von den Schutzbestimmungen dieses Gesetzes bewilligen. Für Ausnahmebewilligungen, die jagdbare Tiere betreffen, sind die Kantone zuständig.4
Der Bund führt die Schweizerische Dokumentationsstelle für Wildforschung. Er fördert die Information der Öffentlichkeit und kann Forschungsstätten und anderen Einrichtungen von gesamtschweizerischer Bedeutung, welche der Bildung und Forschung dienen, Beiträge gewähren.5
Der Bundesrat erlässt Vorschriften über das Markieren von wildlebenden Säugetieren und Vögeln.13 Fassung gemäss Anhang Ziff. 43 des BG vom 20. Juni 2014 über die Weiterbildung, in Kraft seit 1. Jan. 2017 (AS 2016 689; BBl 2013 3729)."
14,https://www.fedlex.admin.ch/eli/cc/1988/506_506_506/de,922.0,Bundesgesetz über die Jagd und den Schutz wildlebender Säugetiere und Vögel,"(Jagdgesetz, JSG)",6. Abschnitt: Haftpflicht und Versicherung,https://www.fedlex.admin.ch/eli/cc/1988/506_506_506/de#chap_6,Art. 15 Haftpflicht,https://www.fedlex.admin.ch/eli/cc/1988/506_506_506/de#art_15,"Art. 15 Haftpflicht 1
Wer durch die Jagdausübung Schaden verursacht, haftet dafür.2
Im Übrigen gelten die Bestimmungen des Obligationenrechts14 über die unerlaubten Handlungen.14 SR 220"
15,https://www.fedlex.admin.ch/eli/cc/1988/506_506_506/de,922.0,Bundesgesetz über die Jagd und den Schutz wildlebender Säugetiere und Vögel,"(Jagdgesetz, JSG)",6. Abschnitt: Haftpflicht und Versicherung,https://www.fedlex.admin.ch/eli/cc/1988/506_506_506/de#chap_6,Art. 16 Versicherung,https://www.fedlex.admin.ch/eli/cc/1988/506_506_506/de#art_16,"Art. 16 Versicherung 1
Alle Jagdberechtigten müssen für ihre Haftpflicht eine Versicherung abschliessen. Der Bundesrat setzt die minimale Deckungssumme fest.2
Der Geschädigte hat bis zur vertraglichen Versicherungssumme ein Forderungsrecht unmittelbar gegen den Versicherer.3
Einreden aus dem Versicherungsvertrag oder aus dem Bundesgesetz vom 2. April 190815 über den Versicherungsvertrag können dem Geschädigten nicht entgegengehalten werden.4
Der Versicherer hat ein Rückgriffsrecht gegen den Versicherungsnehmer oder den Versicherten, soweit er nach dem Versicherungsvertrag oder dem Bundesgesetz über den Versicherungsvertrag seine Leistungen verweigern oder kürzen könnte.15 SR 221.229.1"
16,https://www.fedlex.admin.ch/eli/cc/1988/506_506_506/de,922.0,Bundesgesetz über die Jagd und den Schutz wildlebender Säugetiere und Vögel,"(Jagdgesetz, JSG)",7. Abschnitt: Strafbestimmungen,https://www.fedlex.admin.ch/eli/cc/1988/506_506_506/de#chap_7,Art. 17 Vergehen,https://www.fedlex.admin.ch/eli/cc/1988/506_506_506/de#art_17,"Art. 17 Vergehen 1
Mit Freiheitsstrafe bis zu einem Jahr oder Geldstrafe wird bestraft, wer vorsätzlich und ohne Berechtigung:16a. Tiere jagdbarer und geschützter Arten jagt oder tötet sowie Tiere geschützter Arten einfängt, gefangen hält oder sich aneignet;b. Eier oder Jungvögel geschützter Arten ausnimmt oder das Brutgeschäft der Vögel stört;c. lebende oder tote geschützte Tiere, Teile davon sowie daraus hergestellte Erzeugnisse und Eier ein-, durch- oder ausführt, feilbietet oder veräussert;d. lebende oder tote Tiere oder daraus hergestellte Erzeugnisse, von denen er weiss oder annehmen muss, dass sie durch eine strafbare Handlung erlangt worden sind, erwirbt, sich schenken lässt, zu Pfand oder in Gewahrsam nimmt, verheimlicht, absetzt oder absetzen hilft;e. Schutzgebiete ohne ausreichenden Grund mit einer Schusswaffe betritt;f. Tiere aus Schutzgebieten hinaustreibt oder herauslockt;g. Tiere aussetzt;h. Füchse, Dachse und Murmeltiere ausräuchert, begast, ausschwemmt oder anbohrt;i.17 für die Jagd verbotene Hilfsmittel verwendet.2
Handelt der Täter fahrlässig, so ist die Strafe Busse.16 Fassung gemäss Anhang Ziff. 2 des BG vom 22. Juni 2007, in Kraft seit 12. Dez. 2008 (AS 2008 5499 5405 Art. 2 Bst.d; BBl 2006 2713).17 Fassung gemäss Anhang Ziff. 2 des BG vom 22. Juni 2007, in Kraft seit 12. Dez. 2008 (AS 2008 5499 5405 Art. 2 Bst.d; BBl 2006 2713)."
17,https://www.fedlex.admin.ch/eli/cc/1988/506_506_506/de,922.0,Bundesgesetz über die Jagd und den Schutz wildlebender Säugetiere und Vögel,"(Jagdgesetz, JSG)",7. Abschnitt: Strafbestimmungen,https://www.fedlex.admin.ch/eli/cc/1988/506_506_506/de#chap_7,Art. 18 Übertretungen,https://www.fedlex.admin.ch/eli/cc/1988/506_506_506/de#art_18,"Art. 18 Übertretungen 1
Mit Busse bis zu 20
000 Franken wird bestraft, wer vorsätzlich und ohne Berechtigung:18a. jagdbare Tiere einfängt, gefangen hält, sich aneignet oder einführt, um sie auszusetzen;b. Jagdgebiete ohne ausreichenden Grund mit einer Schusswaffe betritt;c. ausserhalb der Jagdzeit Waffen oder Fallen auf Maiensässen und Alpen aufbewahrt;d. Hunde wildern lässt;e. Massnahmen zum Schutze der Tiere vor Störung missachtet;f. Eier oder Jungvögel jagdbarer Arten ausnimmt;g. Böschungen, Feldraine oder Weiden flächenhaft abbrennt oder Hecken beseitigt;h. den Jagdbetrieb behindert.2
Versuch und Gehilfenschaft sind strafbar.3
Handelt der Täter in den Fällen von Absatz 1 Buchstaben a–g fahrlässig, so ist die Strafe Busse.4
Wer während der Jagd die vorgeschriebenen Ausweise nicht auf sich trägt oder sich weigert, sie den zuständigen Wildschutzorganen vorzuzeigen, wird mit Busse bestraft.5
Die Kantone können Widerhandlungen gegen kantonales Recht als Übertretungen ahnden.18 Fassung gemäss Art.
333 des Strafgesetzbuches (SR 311.0) in der Fassung des BG vom 13.
Dez. 2002, in Kraft seit 1. Jan. 2007 (AS 2006 3459; BBl 1999 1979)."
18,https://www.fedlex.admin.ch/eli/cc/1988/506_506_506/de,922.0,Bundesgesetz über die Jagd und den Schutz wildlebender Säugetiere und Vögel,"(Jagdgesetz, JSG)",7. Abschnitt: Strafbestimmungen,https://www.fedlex.admin.ch/eli/cc/1988/506_506_506/de#chap_7,Art. 19 Anwendung auf juristische Personen und Handelsgesellschaften,https://www.fedlex.admin.ch/eli/cc/1988/506_506_506/de#art_19,Art. 19 Anwendung auf juristische Personen und Handelsgesellschaften Artikel 6 des Bundesgesetzes vom 22. März 197419 über das Verwaltungsstrafrecht ist anwendbar.19 SR 313.0
19,https://www.fedlex.admin.ch/eli/cc/1988/506_506_506/de,922.0,Bundesgesetz über die Jagd und den Schutz wildlebender Säugetiere und Vögel,"(Jagdgesetz, JSG)",7. Abschnitt: Strafbestimmungen,https://www.fedlex.admin.ch/eli/cc/1988/506_506_506/de#chap_7,Art. 20 Entzug und Verweigerung der Jagdberechtigung,https://www.fedlex.admin.ch/eli/cc/1988/506_506_506/de#art_20,"Art. 20 Entzug und Verweigerung der Jagdberechtigung 1
Die Jagdberechtigung wird vom Richter für mindestens ein Jahr und höchstens zehn Jahre entzogen, wenn der Träger der Berechtigung:a. vorsätzlich oder fahrlässig eine Person auf der Jagd tötet oder erheblich verletzt;b. eine Widerhandlung nach Artikel 17 als Täter, Anstifter oder Gehilfe vorsätzlich begangen oder versucht hat.2
Der Entzug gilt für die ganze Schweiz.3
Die Kantone können weitere Entzugsgründe sowie Verweigerungsgründe festlegen. Die gestützt darauf erlassenen administrativen Verfügungen gelten nur für den betreffenden Kanton."
20,https://www.fedlex.admin.ch/eli/cc/1988/506_506_506/de,922.0,Bundesgesetz über die Jagd und den Schutz wildlebender Säugetiere und Vögel,"(Jagdgesetz, JSG)",8. Abschnitt: Strafverfahren,https://www.fedlex.admin.ch/eli/cc/1988/506_506_506/de#chap_8,Art. 21 Strafverfolgung,https://www.fedlex.admin.ch/eli/cc/1988/506_506_506/de#art_21,"Art. 21 Strafverfolgung 1
Die Verfolgung und Beurteilung von Widerhandlungen ist Sache der Kantone.2
Das Bundesamt für Lebensmittelsicherheit und Veterinärwesen verfolgt und beurteilt Widerhandlungen bei der Ein-, Durch- und Ausfuhr. Liegt gleichzeitig eine Widerhandlung gegen das Zollgesetz vom 18. März 200520 oder das Mehrwertsteuergesetz vom 12. Juni 200921 vor, so verfolgt und beurteilt das Bundesamt für Zoll und Grenzsicherheit die Widerhandlungen.223
Stellt eine Widerhandlung gleichzeitig eine nach Absatz 2 sowie eine durch die gleiche Bundesbehörde zu verfolgende Widerhandlung gegen das Bundesgesetz vom 16. März 201223 über den Verkehr mit Tieren und Pflanzen geschützter Arten, das Tierschutzgesetz vom 16. Dezember 200524, das Zollgesetz vom 18. März 2005, das Mehrwertsteuergesetz vom 12. Juni 2009, das Lebensmittelgesetz vom 20. Juni 201425 oder das Tierseuchengesetz vom 1. Juli 196626 dar, so wird die für die schwerste Widerhandlung angedrohte Strafe angewendet; diese kann angemessen erhöht werden.2720 SR 631.021 SR 641.2022 Fassung gemäss Ziff. I 35 der V vom 12. Juni 2020 über die Anpassung von Gesetzen infolge der Änderung der Bezeichnung der Eidgenössischen Zollverwaltung im Rahmen von deren Weiterentwicklung, in Kraft seit 1. Jan. 2022 (AS 2020 2743).23 SR 45324 SR 45525 SR 817.026 SR 916.4027 Fassung gemäss Anhang Ziff. II 8 des Lebensmittelgesetzes vom 20. Juni 2014, in Kraft seit 1. Mai 2017 (AS 2017 249; BBl 2011 5571)."
21,https://www.fedlex.admin.ch/eli/cc/1988/506_506_506/de,922.0,Bundesgesetz über die Jagd und den Schutz wildlebender Säugetiere und Vögel,"(Jagdgesetz, JSG)",8. Abschnitt: Strafverfahren,https://www.fedlex.admin.ch/eli/cc/1988/506_506_506/de#chap_8,Art. 22,https://www.fedlex.admin.ch/eli/cc/1988/506_506_506/de#art_22,"Art. 2228 Mitteilungspflicht 1
Jeder vom Richter verfügte Entzug der Jagdberechtigung ist dem Bundesamt mitzuteilen.2
Das Bundesamt stellt den Kantonen eine Liste der Personen zu, denen die Jagdberechtigung entzogen wurde; diese Liste dient den Kantonen dazu, den Entzug der Jagdberechtigung auf ihrem Gebiet zu gewährleisten.3
Das Bundesamt darf diese Daten in einer elektronischen Datensammlung aufbewahren. Nach Ablauf des Entzugs der Jagdberechtigung löscht es die elektronischen Einträge und vernichtet die entsprechenden kantonalen Verfügungen. Es darf letztere in anonymisierter Form zu wissenschaftlichen oder statistischen Zwecken aufbewahren.28 Fassung gemäss Ziff. VIII 1 des BG vom 24. März 2000 über die Schaffung und die An-passung gesetzlicher Grundlagen für die Bearbeitung von Personendaten, in Kraft seit  1. Sept. 2000 (AS 2000 1891; BBl 1999 9005)."
22,https://www.fedlex.admin.ch/eli/cc/1988/506_506_506/de,922.0,Bundesgesetz über die Jagd und den Schutz wildlebender Säugetiere und Vögel,"(Jagdgesetz, JSG)",8. Abschnitt: Strafverfahren,https://www.fedlex.admin.ch/eli/cc/1988/506_506_506/de#chap_8,Art. 23 Schadenersatz,https://www.fedlex.admin.ch/eli/cc/1988/506_506_506/de#art_23,"Art. 23 Schadenersatz In Pachtgebieten ist der Pächter, in den übrigen Gebieten der Kanton oder die Gemeinde berechtigt, für den durch ein Jagdvergehen oder eine Übertretung entstandenen Schaden Ersatz zu verlangen. Im Übrigen gelten die Bestimmungen des Obligationenrechts29.29 SR 220"
23,https://www.fedlex.admin.ch/eli/cc/1988/506_506_506/de,922.0,Bundesgesetz über die Jagd und den Schutz wildlebender Säugetiere und Vögel,"(Jagdgesetz, JSG)",9. Abschnitt: Vollzug und Verfahren30,https://www.fedlex.admin.ch/eli/cc/1988/506_506_506/de#chap_9,Art. 24 Vollzug durch den Bund,https://www.fedlex.admin.ch/eli/cc/1988/506_506_506/de#art_24,"Art. 24 Vollzug durch den Bund31 Der Bundesrat erlässt die Ausführungsbestimmungen.31 Fassung gemäss Anhang Ziff. 10 des Gentechnikgesetzes vom 21. März 2003,  in Kraft seit 1. Jan. 2004 (AS 2003 4803; BBl 2000 2391)."
24,https://www.fedlex.admin.ch/eli/cc/1988/506_506_506/de,922.0,Bundesgesetz über die Jagd und den Schutz wildlebender Säugetiere und Vögel,"(Jagdgesetz, JSG)",9. Abschnitt: Vollzug und Verfahren30,https://www.fedlex.admin.ch/eli/cc/1988/506_506_506/de#chap_9,Art. 25 Vollzug durch die Kantone,https://www.fedlex.admin.ch/eli/cc/1988/506_506_506/de#art_25,"Art. 25 Vollzug durch die Kantone32 1
Die Kantone vollziehen dieses Gesetz unter der Aufsicht des Bundes. Sie erteilen alle Bewilligungen, für die nach diesem Gesetz nicht eine Bundesbehörde zuständig ist.2
Die kantonalen Ausführungsbestimmungen zur Verlängerung der Schonzeiten und Einschränkung der Liste der jagdbaren Arten (Art. 5 Abs. 4), zum Schutz der Tiere vor Störung (Art. 7 Abs. 4), zum Schutz der Muttertiere, Jungtiere und Altvögel (Art.
7 Abs. 5) sowie zu den Selbsthilfemassnahmen (Art. 12 Abs. 3) bedürfen zur Gültigkeit der Genehmigung des Bundes33.3
Alle kantonalen Erlasse über die Jagd sind vor ihrem Inkrafttreten dem Bundesamt mitzuteilen.32 Fassung gemäss Anhang Ziff. 10 des Gentechnikgesetzes vom 21. März 2003,  in Kraft seit 1. Jan. 2004 (AS 2003 4803; BBl 2000 2391).33 Ausdruck gemäss Ziff. III des BG vom 15. Dez. 1989 über die Genehmigung kantonaler Erlasse durch den Bund, in Kraft seit 1. Febr. 1991 (AS 1991 362; BBl 1988 II 1333)."
25,https://www.fedlex.admin.ch/eli/cc/1988/506_506_506/de,922.0,Bundesgesetz über die Jagd und den Schutz wildlebender Säugetiere und Vögel,"(Jagdgesetz, JSG)",9. Abschnitt: Vollzug und Verfahren30,https://www.fedlex.admin.ch/eli/cc/1988/506_506_506/de#chap_9,Art. 25a,https://www.fedlex.admin.ch/eli/cc/1988/506_506_506/de#art_25_a,"Art. 25a3434 Eingefügt durch Anhang Ziff. 10 des Gentechnikgesetzes vom 21. März 2003  (AS 2003 4803; BBl 2000 2391). Aufgehoben durch Anhang Ziff. 128 des Verwaltungsgerichtsgesetzes vom 17. Juni 2005, mit Wirkung seit 1. Jan. 2007 (AS 2006 2197 1069; BBl 2001 4202)."
26,https://www.fedlex.admin.ch/eli/cc/1988/506_506_506/de,922.0,Bundesgesetz über die Jagd und den Schutz wildlebender Säugetiere und Vögel,"(Jagdgesetz, JSG)",9. Abschnitt: Vollzug und Verfahren30,https://www.fedlex.admin.ch/eli/cc/1988/506_506_506/de#chap_9,Art. 26 Durchsuchungsrecht und Beschlagnahme,https://www.fedlex.admin.ch/eli/cc/1988/506_506_506/de#art_26,Art. 26 Durchsuchungsrecht und Beschlagnahme Die Kantone regeln für den Vollzug dieses Gesetzes die Durchsuchung von Räumen und Einrichtungen sowie die Beschlagnahme von Gegenständen. Sie verleihen den Vollzugsorganen die Eigenschaft von Beamten der gerichtlichen Polizei.
27,https://www.fedlex.admin.ch/eli/cc/1988/506_506_506/de,922.0,Bundesgesetz über die Jagd und den Schutz wildlebender Säugetiere und Vögel,"(Jagdgesetz, JSG)",10. Abschnitt: Schlussbestimmungen,https://www.fedlex.admin.ch/eli/cc/1988/506_506_506/de#chap_10,Art. 27 Aufhebung und Änderung von Bundesgesetzen,https://www.fedlex.admin.ch/eli/cc/1988/506_506_506/de#art_27,"Art. 27 Aufhebung und Änderung von Bundesgesetzen 1. Das Bundesgesetz vom 10. Juni 192535 über Jagd und Vogelschutz wird aufgehoben.2. und 3. ...3635 [BS 9 544; AS 1954 559 Ziff. I 7, 1959 931 Art. 11 Bst. c, 1962 794, 1971 852,  1977 1907 Art. 1, 2, 1981 497 Art. 1]36 Die Änd. können unter AS 1988 506 konsultiert werden."
28,https://www.fedlex.admin.ch/eli/cc/1988/506_506_506/de,922.0,Bundesgesetz über die Jagd und den Schutz wildlebender Säugetiere und Vögel,"(Jagdgesetz, JSG)",10. Abschnitt: Schlussbestimmungen,https://www.fedlex.admin.ch/eli/cc/1988/506_506_506/de#chap_10,Art. 28,https://www.fedlex.admin.ch/eli/cc/1988/506_506_506/de#art_28,"Art. 283737 Aufgehoben durch Ziff. II 50 des BG vom 20. März 2008 zur formellen Bereinigung des Bundesrechts, mit Wirkung seit 1. Aug. 2008 (AS 2008 3437; BBl 2007 6121)."
29,https://www.fedlex.admin.ch/eli/cc/1988/506_506_506/de,922.0,Bundesgesetz über die Jagd und den Schutz wildlebender Säugetiere und Vögel,"(Jagdgesetz, JSG)",10. Abschnitt: Schlussbestimmungen,https://www.fedlex.admin.ch/eli/cc/1988/506_506_506/de#chap_10,Art. 29 Referendum und Inkrafttreten,https://www.fedlex.admin.ch/eli/cc/1988/506_506_506/de#art_29,"Art. 29 Referendum und Inkrafttreten 1
Dieses Gesetz untersteht dem fakultativen Referendum.2
Der Bundesrat bestimmt das Inkrafttreten.Datum des Inkrafttretens: 1. April 19883838 BRB vom 29. Febr. 1988"
